battle_file,first_fail_turn,total_turns,progress_pct,error_types,error_summary
battle_884515945.json,9,322,2.8,checkpoint|timeout,"pod0 next_cp sim=2(mod=2) gt=1; timeouts sim=(100, 90) gt=(90, 90)"
battle_884486784.json,20,491,4.1,angle|velocity,"pod2 vel sim=(79,-126) gt=(80,-121); pod2 angle sim=162.7° gt=160.8°"
battle_885988689.json,21,251,8.4,angle,pod3 angle sim=-15.5° gt=-16.8°
battle_891617954.json,33,153,21.6,checkpoint|timeout,"pod2 next_cp sim=6(mod=2) gt=1; timeouts sim=(91, 100) gt=(91, 92)"
battle_891370461.json,38,383,9.9,position,"pod1 pos sim=(5281,2542) gt=(5273,2547) Δ=(8.0,-5.0)"
battle_884278521.json,39,256,15.2,checkpoint|timeout,"pod1 next_cp sim=5(mod=5) gt=4; timeouts sim=(100, 92) gt=(91, 92)"
battle_883531319.json,43,251,17.1,checkpoint|timeout,"pod2 next_cp sim=3(mod=3) gt=2; timeouts sim=(89, 100) gt=(89, 98)"
battle_872334774.json,59,168,35.1,checkpoint|timeout,"pod2 next_cp sim=4(mod=0) gt=1; timeouts sim=(92, 92) gt=(92, 100)"
battle_886369830.json,59,148,39.9,checkpoint|timeout,"pod1 next_cp sim=6(mod=0) gt=2; timeouts sim=(100, 94) gt=(88, 94)"
battle_872238192.json,60,199,30.2,checkpoint|timeout,"pod1 next_cp sim=4(mod=0) gt=3; timeouts sim=(100, 95) gt=(88, 95)"
battle_885987701.json,61,184,33.2,angle,pod1 angle sim=-89.4° gt=-88.1°
battle_886469116.json,64,273,23.4,position,"pod2 pos sim=(4837,6096) gt=(4835,6103) Δ=(2.0,-7.0)"
battle_885912413.json,69,70,98.6,position|velocity,"pod1 pos sim=(5939,2211) gt=(6013,2073) Δ=(-74.0,138.0); pod1 vel sim=(-34,110) gt=(52,-52); pod2 pos sim=(13129,7601) gt=(13084,7406) Δ=(45.0,195.0)"
battle_891630564.json,75,163,46.0,checkpoint|timeout,"pod3 next_cp sim=8(mod=0) gt=3; timeouts sim=(97, 100) gt=(97, 87)"
battle_888294828.json,77,233,33.0,checkpoint|timeout,"pod0 next_cp sim=4(mod=0) gt=1; timeouts sim=(89, 90) gt=(100, 90)"
battle_885647025.json,84,101,83.2,checkpoint|timeout,"pod3 next_cp sim=6(mod=2) gt=1; timeouts sim=(98, 100) gt=(98, 96)"
battle_885990456.json,84,342,24.6,angle,pod1 angle sim=90.0° gt=88.3°
battle_885827873.json,86,187,46.0,angle,pod1 angle sim=-87.7° gt=-88.8°
battle_885928301.json,86,126,68.3,angle,pod1 angle sim=-51.6° gt=-52.8°
battle_891616683.json,88,227,38.8,checkpoint|timeout,"pod0 next_cp sim=10(mod=4) gt=3; timeouts sim=(100, 98) gt=(89, 98)"
battle_885922662.json,98,109,89.9,position,"pod3 pos sim=(12742,2955) gt=(12742,2949) Δ=(0.0,6.0)"
battle_875046794.json,109,254,42.9,position,"pod1 pos sim=(7515,-205) gt=(7509,-205) Δ=(6.0,0.0)"
battle_886244294.json,112,148,75.7,checkpoint|timeout,"pod2 next_cp sim=12(mod=0) gt=3; timeouts sim=(56, 100) gt=(56, 96)"
battle_890666841.json,120,448,26.8,position|velocity,"pod3 pos sim=(5746,7086) gt=(5750,7075) Δ=(-4.0,11.0); pod3 vel sim=(913,384) gt=(915,375)"
battle_885647126.json,122,249,49.0,position|velocity,"pod3 pos sim=(4107,1993) gt=(4113,1991) Δ=(-6.0,2.0); pod3 vel sim=(2,565) gt=(7,564)"
battle_882151685.json,137,225,60.9,position|velocity,"pod2 pos sim=(3962,5128) gt=(3962,5135) Δ=(0.0,-7.0); pod2 vel sim=(-502,-77) gt=(-501,-72); pod3 pos sim=(3099,5649) gt=(3088,5647) Δ=(11.0,2.0)"
battle_891617303.json,144,336,42.9,checkpoint|timeout,"pod0 next_cp sim=10(mod=2) gt=1; timeouts sim=(100, 87) gt=(85, 87)"
battle_887820683.json,162,277,58.5,velocity,"pod0 vel sim=(557,193) gt=(552,200)"
battle_886734512.json,166,227,73.1,angle,pod1 angle sim=-53.9° gt=-54.9°
battle_886274562.json,170,338,50.3,angle,pod3 angle sim=89.4° gt=88.3°
battle_886455391.json,170,299,56.9,checkpoint|timeout,"pod2 next_cp sim=14(mod=2) gt=1; timeouts sim=(42, 100) gt=(42, 90)"
battle_883532591.json,177,210,84.3,checkpoint|timeout,"pod3 next_cp sim=12(mod=2) gt=1; timeouts sim=(94, 100) gt=(94, 95)"
battle_888655750.json,188,272,69.1,checkpoint|timeout,"pod1 next_cp sim=9(mod=1) gt=2; timeouts sim=(90, 82) gt=(100, 82)"
battle_891626075.json,193,196,98.5,checkpoint|timeout,"pod2 next_cp sim=14(mod=2) gt=1; timeouts sim=(97, 100) gt=(97, 95)"
battle_891628176.json,198,336,58.9,checkpoint|timeout,"pod0 next_cp sim=10(mod=0) gt=4; timeouts sim=(100, 69) gt=(88, 69)"
battle_886449550.json,210,381,55.1,position|angle|velocity,"pod0 pos sim=(-457,4982) gt=(-450,4987) Δ=(-7.0,-5.0); pod0 vel sim=(-111,-94) gt=(-109,-89); pod3 angle sim=32.1° gt=34.8°"
battle_885624120.json,216,239,90.4,position|velocity,"pod1 pos sim=(8556,6938) gt=(8556,7014) Δ=(0.0,-76.0); pod1 vel sim=(64,39) gt=(64,141); pod2 pos sim=(8447,7822) gt=(8447,7814) Δ=(0.0,8.0)"
battle_890670385.json,234,304,77.0,position|velocity,"pod3 pos sim=(12145,2213) gt=(12150,2206) Δ=(-5.0,7.0); pod3 vel sim=(-25,154) gt=(-21,153)"
battle_888427968.json,250,272,91.9,position,"pod0 pos sim=(8926,5152) gt=(8927,5158) Δ=(-1.0,-6.0)"
battle_888529621.json,260,335,77.6,position|angle,"pod3 pos sim=(8476,20073) gt=(8470,20071) Δ=(6.0,2.0); pod3 angle sim=-155.3° gt=-153.9°"
battle_885928141.json,303,482,62.9,velocity,"pod2 vel sim=(43,121) gt=(47,119)"
battle_885930561.json,309,320,96.6,position,"pod3 pos sim=(4196,6845) gt=(4197,6851) Δ=(-1.0,-6.0)"
battle_891615789.json,352,359,98.1,checkpoint|timeout,"pod3 next_cp sim=12(mod=2) gt=1; timeouts sim=(89, 100) gt=(89, 97)"
battle_887715689.json,422,476,88.7,angle,pod3 angle sim=112.9° gt=111.7°
